<?xml version="1.0" encoding="UTF-8"?>
<project-private xmlns="http://www.netbeans.org/ns/project-private/1">
    <editor-bookmarks xmlns="http://www.netbeans.org/ns/editor-bookmarks/2" lastBookmarkId="0"/>
    <open-files xmlns="http://www.netbeans.org/ns/projectui-open-files/2">
        <group>
            <file>file:/C:/Users/zijie/Downloads/MotiMate1/Motimate/src/java/servlet/SignupServlet.java</file>
            <file>file:/C:/Users/zijie/Downloads/MotiMate1/Motimate/src/java/model/MoodEntry.java</file>
            <file>file:/C:/Users/zijie/Downloads/MotiMate1/Motimate/web/index.jsp</file>
            <file>file:/C:/Users/zijie/Downloads/MotiMate1/Motimate/web/save.jsp</file>
            <file>file:/C:/Users/zijie/Downloads/MotiMate1/Motimate/web/edit.jsp</file>
            <file>file:/C:/Users/zijie/Downloads/MotiMate1/Motimate/web/dashboard.jsp</file>
            <file>file:/C:/Users/zijie/Downloads/MotiMate1/Motimate/src/java/dao/MoodDAO.java</file>
            <file>file:/C:/Users/zijie/Downloads/MotiMate1/Motimate/web/profile.jsp</file>
            <file>file:/C:/Users/zijie/Downloads/MotiMate1/Motimate/src/java/model/Mood.java</file>
            <file>file:/C:/Users/zijie/Downloads/MotiMate1/Motimate/src/java/servlet/LogoutServlet.java</file>
            <file>file:/C:/Users/zijie/Downloads/MotiMate1/Motimate/web/signup.jsp</file>
            <file>file:/C:/Users/zijie/Downloads/MotiMate1/Motimate/src/java/servlet/RewardService.java</file>
            <file>file:/C:/Users/zijie/Downloads/MotiMate1/Motimate/web/CSS/style.css</file>
            <file>file:/C:/Users/zijie/Downloads/MotiMate1/Motimate/src/java/model/Goal.java</file>
            <file>file:/C:/Users/zijie/Downloads/MotiMate1/Motimate/web/WEB-INF/web.xml</file>
            <file>file:/C:/Users/zijie/Downloads/MotiMate1/Motimate/src/java/dao/MoodEntryDAO.java</file>
            <file>file:/C:/Users/zijie/Downloads/MotiMate1/Motimate/web/WEB-INF/glassfish-web.xml</file>
            <file>file:/C:/Users/zijie/Downloads/MotiMate1/Motimate/src/java/servlet/LoginServlet.java</file>
            <file>file:/C:/Users/zijie/Downloads/MotiMate1/Motimate/web/mood-tracker.jsp</file>
            <file>file:/C:/Users/zijie/Downloads/MotiMate1/Motimate/src/java/util/DBConnection.java</file>
            <file>file:/C:/Users/zijie/Downloads/MotiMate1/Motimate/build.xml</file>
            <file>file:/C:/Users/zijie/Downloads/MotiMate1/Motimate/src/java/model/User.java</file>
            <file>file:/C:/Users/zijie/Downloads/MotiMate1/Motimate/web/login.jsp</file>
            <file>file:/C:/Users/zijie/Downloads/MotiMate1/Motimate/web/finish.jsp</file>
            <file>file:/C:/Users/zijie/Downloads/MotiMate1/Motimate/src/java/servlet/EditGoalServlet.java</file>
            <file>file:/C:/Users/zijie/Downloads/MotiMate1/Motimate/src/java/servlet/SaveGoalServlet.java</file>
            <file>file:/C:/Users/zijie/Downloads/MotiMate1/Motimate/src/java/servlet/MoodTrackingServlet.java</file>
            <file>file:/C:/Users/zijie/Downloads/MotiMate1/Motimate/web/CSS/dashboard.css</file>
            <file>file:/C:/Users/zijie/Downloads/MotiMate1/Motimate/web/goals.jsp</file>
            <file>file:/C:/Users/zijie/Downloads/MotiMate1/Motimate/web/reward.jsp</file>
        </group>
    </open-files>
</project-private>
